{
  "dashboard": {
    "id": null,
    "title": "Pods",
    "originalTitle": "Pods",
    "tags": [],
    "style": "dark",
    "timezone": "browser",
    "editable": true,
    "hideControls": false,
    "sharedCrosshair": false,
    "rows": [
      {
        "collapse": false,
        "editable": true,
        "height": "250px",
        "panels": [
          {
            "aliasColors": {},
            "bars": false,
            "datasource": null,
            "editable": true,
            "error": false,
            "fill": 1,
            "grid": {
              "leftLogBase": 1,
              "leftMax": null,
              "leftMin": null,
              "rightLogBase": 1,
              "rightMax": null,
              "rightMin": null,
              "threshold1": null,
              "threshold1Color": "rgba(216, 200, 27, 0.27)",
              "threshold2": null,
              "threshold2Color": "rgba(234, 112, 112, 0.22)"
            },
            "id": 6,
            "isNew": true,
            "leftYAxisLabel": "Millicores",
            "legend": {
              "avg": false,
              "current": false,
              "max": false,
              "min": false,
              "show": true,
              "total": false,
              "values": false
            },
            "lines": true,
            "linewidth": 2,
            "links": [],
            "nullPointMode": "connected",
            "percentage": false,
            "pointradius": 5,
            "points": false,
            "renderer": "flot",
            "seriesOverrides": [],
            "span": 12,
            "stack": false,
            "steppedLine": false,
            "targets": [
              {
                "alias": "Usage $namespace $podname $tag_container_name",
                "dsType": "influxdb",
                "groupBy": [
                  {
                    "params": [
                      "$interval"
                    ],
                    "type": "time"
                  },
                  {
                    "type": "tag",
                    "params": [
                      "container_name"
                    ]
                  },
                  {
                    "params": [
                      "null"
                    ],
                    "type": "fill"
                  }
                ],
                "measurement": "cpu/usage_rate",
                "query": "SELECT sum(\"value\") FROM \"cpu/usage_rate\" WHERE \"type\" = 'pod_container' AND \"namespace_name\" =~ /$namespace$/ AND \"pod_name\" =~ /$podname$/ AND $timeFilter GROUP BY time($interval), \"container_name\" fill(null)",
                "rawQuery": false,
                "refId": "A",
                "resultFormat": "time_series",
                "select": [
                  [
                    {
                      "params": [
                        "value"
                      ],
                      "type": "field"
                    },
                    {
                      "params": [],
                      "type": "sum"
                    }
                  ]
                ],
                "tags": [
                  {
                    "key": "type",
                    "operator": "=",
                    "value": "pod_container"
                  },
                  {
                    "condition": "AND",
                    "key": "namespace_name",
                    "operator": "=~",
                    "value": "/$namespace$/"
                  },
                  {
                    "condition": "AND",
                    "key": "pod_name",
                    "operator": "=~",
                    "value": "/$podname$/"
                  }
                ]
              },
              {
                "alias": "Limit $namespace $podname $tag_container_name",
                "dsType": "influxdb",
                "groupBy": [
                  {
                    "params": [
                      "$interval"
                    ],
                    "type": "time"
                  },
                  {
                    "type": "tag",
                    "params": [
                      "container_name"
                    ]
                  },
                  {
                    "params": [
                      "null"
                    ],
                    "type": "fill"
                  }
                ],
                "measurement": "cpu/limit",
                "query": "SELECT sum(\"value\") FROM \"cpu/limit\" WHERE \"type\" = 'pod_container' AND \"namespace_name\" =~ /$namespace$/ AND \"pod_name\" =~ /$podname$/ AND $timeFilter GROUP BY time($interval), \"container_name\" fill(null)",
                "rawQuery": false,
                "refId": "B",
                "resultFormat": "time_series",
                "select": [
                  [
                    {
                      "params": [
                        "value"
                      ],
                      "type": "field"
                    },
                    {
                      "params": [],
                      "type": "sum"
                    }
                  ]
                ],
                "tags": [
                  {
                    "key": "type",
                    "operator": "=",
                    "value": "pod_container"
                  },
                  {
                    "condition": "AND",
                    "key": "namespace_name",
                    "operator": "=~",
                    "value": "/$namespace$/"
                  },
                  {
                    "condition": "AND",
                    "key": "pod_name",
                    "operator": "=~",
                    "value": "/$podname$/"
                  }
                ]
              },
              {
                "alias": "Request $namespace $podname $tag_container_name",
                "dsType": "influxdb",
                "groupBy": [
                  {
                    "params": [
                      "$interval"
                    ],
                    "type": "time"
                  },
                  {
                    "type": "tag",
                    "params": [
                      "container_name"
                    ]
                  },
                  {
                    "params": [
                      "null"
                    ],
                    "type": "fill"
                  }
                ],
                "measurement": "cpu/request",
                "query": "SELECT sum(\"value\") FROM \"cpu/request\" WHERE \"type\" = 'pod_container' AND \"namespace_name\" =~ /$namespace$/ AND \"pod_name\" =~ /$podname$/ AND $timeFilter GROUP BY time($interval), \"container_name\" fill(null)",
                "rawQuery": false,
                "refId": "C",
                "resultFormat": "time_series",
                "select": [
                  [
                    {
                      "params": [
                        "value"
                      ],
                      "type": "field"
                    },
                    {
                      "params": [],
                      "type": "sum"
                    }
                  ]
                ],
                "tags": [
                  {
                    "key": "type",
                    "operator": "=",
                    "value": "pod_container"
                  },
                  {
                    "condition": "AND",
                    "key": "namespace_name",
                    "operator": "=~",
                    "value": "/$namespace$/"
                  },
                  {
                    "condition": "AND",
                    "key": "pod_name",
                    "operator": "=~",
                    "value": "/$podname$/"
                  }
                ]
              }
            ],
            "timeFrom": null,
            "timeShift": null,
            "title": "Individual CPU Usage: $namespace $podname",
            "tooltip": {
              "shared": true,
              "value_type": "cumulative"
            },
            "type": "graph",
            "x-axis": true,
            "y-axis": true,
            "y_formats": [
              "short",
              "short"
            ]
          },
          {
            "aliasColors": {},
            "bars": false,
            "datasource": null,
            "editable": true,
            "error": false,
            "fill": 1,
            "grid": {
              "leftLogBase": 1,
              "leftMax": null,
              "leftMin": null,
              "rightLogBase": 1,
              "rightMax": null,
              "rightMin": null,
              "threshold1": null,
              "threshold1Color": "rgba(216, 200, 27, 0.27)",
              "threshold2": null,
              "threshold2Color": "rgba(234, 112, 112, 0.22)"
            },
            "id": 7,
            "isNew": true,
            "leftYAxisLabel": "",
            "legend": {
              "avg": false,
              "current": false,
              "max": false,
              "min": false,
              "show": true,
              "total": false,
              "values": false
            },
            "lines": true,
            "linewidth": 2,
            "links": [],
            "nullPointMode": "connected",
            "percentage": false,
            "pointradius": 5,
            "points": false,
            "renderer": "flot",
            "seriesOverrides": [],
            "span": 12,
            "stack": false,
            "steppedLine": false,
            "targets": [
              {
                "alias": "Usage $namespace $podname $tag_container_name",
                "dsType": "influxdb",
                "groupBy": [
                  {
                    "params": [
                      "$interval"
                    ],
                    "type": "time"
                  },
                  {
                    "params": [
                      "container_name"
                    ],
                    "type": "tag"
                  },
                  {
                    "params": [
                      "null"
                    ],
                    "type": "fill"
                  }
                ],
                "measurement": "memory/usage",
                "query": "SELECT sum(\"value\") FROM \"memory/usage\" WHERE \"type\" = 'pod_container' AND \"namespace_name\" =~ /$namespace$/ AND \"pod_name\" =~ /$podname$/ AND $timeFilter GROUP BY time($interval), \"container_name\" fill(null)",
                "rawQuery": false,
                "refId": "A",
                "resultFormat": "time_series",
                "select": [
                  [
                    {
                      "params": [
                        "value"
                      ],
                      "type": "field"
                    },
                    {
                      "params": [],
                      "type": "sum"
                    }
                  ]
                ],
                "tags": [
                  {
                    "key": "type",
                    "operator": "=",
                    "value": "pod_container"
                  },
                  {
                    "condition": "AND",
                    "key": "namespace_name",
                    "operator": "=~",
                    "value": "/$namespace$/"
                  },
                  {
                    "condition": "AND",
                    "key": "pod_name",
                    "operator": "=~",
                    "value": "/$podname$/"
                  }
                ]
              },
              {
                "alias": "Limit $namespace $podname $tag_container_name",
                "dsType": "influxdb",
                "groupBy": [
                  {
                    "params": [
                      "$interval"
                    ],
                    "type": "time"
                  },
                  {
                    "params": [
                      "container_name"
                    ],
                    "type": "tag"
                  },
                  {
                    "params": [
                      "null"
                    ],
                    "type": "fill"
                  }
                ],
                "measurement": "memory/limit",
                "query": "SELECT sum(\"value\") FROM \"memory/limit\" WHERE \"type\" = 'pod_container' AND \"namespace_name\" =~ /$namespace$/ AND \"pod_name\" =~ /$podname$/ AND $timeFilter GROUP BY time($interval), \"container_name\" fill(null)",
                "rawQuery": false,
                "refId": "B",
                "resultFormat": "time_series",
                "select": [
                  [
                    {
                      "params": [
                        "value"
                      ],
                      "type": "field"
                    },
                    {
                      "params": [],
                      "type": "sum"
                    }
                  ]
                ],
                "tags": [
                  {
                    "key": "type",
                    "operator": "=",
                    "value": "pod_container"
                  },
                  {
                    "condition": "AND",
                    "key": "namespace_name",
                    "operator": "=~",
                    "value": "/$namespace$/"
                  },
                  {
                    "condition": "AND",
                    "key": "pod_name",
                    "operator": "=~",
                    "value": "/$podname$/"
                  }
                ]
              },
              {
                "alias": "Request $namespace $podname $tag_container_name",
                "dsType": "influxdb",
                "groupBy": [
                  {
                    "params": [
                      "$interval"
                    ],
                    "type": "time"
                  },
                  {
                    "params": [
                      "container_name"
                    ],
                    "type": "tag"
                  },
                  {
                    "params": [
                      "null"
                    ],
                    "type": "fill"
                  }
                ],
                "measurement": "memory/request",
                "query": "SELECT sum(\"value\") FROM \"memory/request\" WHERE \"type\" = 'pod_container' AND \"namespace_name\" =~ /$namespace$/ AND \"pod_name\" =~ /$podname$/ AND $timeFilter GROUP BY time($interval), \"container_name\" fill(null)",
                "rawQuery": false,
                "refId": "C",
                "resultFormat": "time_series",
                "select": [
                  [
                    {
                      "params": [
                        "value"
                      ],
                      "type": "field"
                    },
                    {
                      "params": [],
                      "type": "sum"
                    }
                  ]
                ],
                "tags": [
                  {
                    "key": "type",
                    "operator": "=",
                    "value": "pod_container"
                  },
                  {
                    "condition": "AND",
                    "key": "namespace_name",
                    "operator": "=~",
                    "value": "/$namespace$/"
                  },
                  {
                    "condition": "AND",
                    "key": "pod_name",
                    "operator": "=~",
                    "value": "/$podname$/"
                  }
                ]
              },
              {
                "alias": "Working Set $namespace $podname $tag_container_name",
                "dsType": "influxdb",
                "groupBy": [
                  {
                    "params": [
                      "$interval"
                    ],
                    "type": "time"
                  },
                  {
                    "params": [
                      "container_name"
                    ],
                    "type": "tag"
                  },
                  {
                    "params": [
                      "null"
                    ],
                    "type": "fill"
                  }
                ],
                "measurement": "memory/working_set",
                "query": "SELECT sum(\"value\") FROM \"memory/working_set\" WHERE \"type\" = 'pod_container' AND \"namespace_name\" =~ /$namespace$/ AND \"pod_name\" =~ /$podname$/ AND $timeFilter GROUP BY time($interval), \"container_name\" fill(null)",
                "rawQuery": false,
                "refId": "D",
                "resultFormat": "time_series",
                "select": [
                  [
                    {
                      "params": [
                        "value"
                      ],
                      "type": "field"
                    },
                    {
                      "params": [],
                      "type": "sum"
                    }
                  ]
                ],
                "tags": [
                  {
                    "key": "type",
                    "operator": "=",
                    "value": "pod_container"
                  },
                  {
                    "condition": "AND",
                    "key": "namespace_name",
                    "operator": "=~",
                    "value": "/$namespace$/"
                  },
                  {
                    "condition": "AND",
                    "key": "pod_name",
                    "operator": "=~",
                    "value": "/$podname$/"
                  }
                ]
              }
            ],
            "timeFrom": null,
            "timeShift": null,
            "title": "Individual Memory Usage: $namespace $podname",
            "tooltip": {
              "shared": true,
              "value_type": "cumulative"
            },
            "type": "graph",
            "x-axis": true,
            "y-axis": true,
            "y_formats": [
              "bytes",
              "short"
            ]
          },
          {
            "aliasColors": {},
            "bars": false,
            "datasource": null,
            "editable": true,
            "error": false,
            "fill": 1,
            "grid": {
              "leftLogBase": 1,
              "leftMax": null,
              "leftMin": null,
              "rightLogBase": 1,
              "rightMax": null,
              "rightMin": null,
              "threshold1": null,
              "threshold1Color": "rgba(216, 200, 27, 0.27)",
              "threshold2": null,
              "threshold2Color": "rgba(234, 112, 112, 0.22)"
            },
            "id": 8,
            "isNew": true,
            "leftYAxisLabel": "",
            "legend": {
              "avg": false,
              "current": false,
              "max": false,
              "min": false,
              "show": true,
              "total": false,
              "values": false
            },
            "lines": true,
            "linewidth": 2,
            "links": [],
            "nullPointMode": "connected",
            "percentage": false,
            "pointradius": 5,
            "points": false,
            "renderer": "flot",
            "seriesOverrides": [],
            "span": 12,
            "stack": false,
            "steppedLine": false,
            "targets": [
              {
                "alias": "Tx $namespace $podname",
                "dsType": "influxdb",
                "groupBy": [
                  {
                    "params": [
                      "$interval"
                    ],
                    "type": "time"
                  },
                  {
                    "params": [
                      "null"
                    ],
                    "type": "fill"
                  }
                ],
                "measurement": "network/tx_rate",
                "query": "SELECT sum(\"value\") FROM \"network/tx_rate\" WHERE \"type\" = 'pod' AND \"namespace_name\" =~ /$namespace$/ AND \"pod_name\" =~ /$podname$/ AND $timeFilter GROUP BY time($interval) fill(null)",
                "rawQuery": false,
                "refId": "A",
                "resultFormat": "time_series",
                "select": [
                  [
                    {
                      "params": [
                        "value"
                      ],
                      "type": "field"
                    },
                    {
                      "params": [],
                      "type": "sum"
                    }
                  ]
                ],
                "tags": [
                  {
                    "key": "type",
                    "operator": "=",
                    "value": "pod"
                  },
                  {
                    "condition": "AND",
                    "key": "namespace_name",
                    "operator": "=~",
                    "value": "/$namespace$/"
                  },
                  {
                    "condition": "AND",
                    "key": "pod_name",
                    "operator": "=~",
                    "value": "/$podname$/"
                  }
                ]
              },
              {
                "alias": "Rx $namespace $podname",
                "dsType": "influxdb",
                "groupBy": [
                  {
                    "params": [
                      "$interval"
                    ],
                    "type": "time"
                  },
                  {
                    "params": [
                      "null"
                    ],
                    "type": "fill"
                  }
                ],
                "measurement": "network/rx_rate",
                "query": "SELECT sum(\"value\") FROM \"network/rx_rate\" WHERE \"type\" = 'pod' AND \"namespace_name\" =~ /$namespace$/ AND \"pod_name\" =~ /$podname$/ AND $timeFilter GROUP BY time($interval) fill(null)",
                "rawQuery": false,
                "refId": "B",
                "resultFormat": "time_series",
                "select": [
                  [
                    {
                      "params": [
                        "value"
                      ],
                      "type": "field"
                    },
                    {
                      "params": [],
                      "type": "sum"
                    }
                  ]
                ],
                "tags": [
                  {
                    "key": "type",
                    "operator": "=",
                    "value": "pod"
                  },
                  {
                    "condition": "AND",
                    "key": "namespace_name",
                    "operator": "=~",
                    "value": "/$namespace$/"
                  },
                  {
                    "condition": "AND",
                    "key": "pod_name",
                    "operator": "=~",
                    "value": "/$podname$/"
                  }
                ]
              }
            ],
            "timeFrom": null,
            "timeShift": null,
            "title": "Individual Network Usage: $namespace $podname",
            "tooltip": {
              "shared": true,
              "value_type": "cumulative"
            },
            "type": "graph",
            "x-axis": true,
            "y-axis": true,
            "y_formats": [
              "Bps",
              "short"
            ]
          },
          {
            "aliasColors": {},
            "bars": false,
            "datasource": null,
            "editable": true,
            "error": false,
            "fill": 1,
            "grid": {
              "leftLogBase": 1,
              "leftMax": null,
              "leftMin": null,
              "rightLogBase": 1,
              "rightMax": null,
              "rightMin": null,
              "threshold1": null,
              "threshold1Color": "rgba(216, 200, 27, 0.27)",
              "threshold2": null,
              "threshold2Color": "rgba(234, 112, 112, 0.22)"
            },
            "id": 9,
            "isNew": true,
            "leftYAxisLabel": "",
            "legend": {
              "avg": false,
              "current": false,
              "max": false,
              "min": false,
              "show": true,
              "total": false,
              "values": false
            },
            "lines": true,
            "linewidth": 2,
            "links": [],
            "nullPointMode": "connected",
            "percentage": false,
            "pointradius": 5,
            "points": false,
            "renderer": "flot",
            "seriesOverrides": [],
            "span": 12,
            "stack": false,
            "steppedLine": false,
            "targets": [
              {
                "alias": "Usage $namespace $podname",
                "dsType": "influxdb",
                "groupBy": [
                  {
                    "params": [
                      "$interval"
                    ],
                    "type": "time"
                  },
                  {
                    "params": [
                      "null"
                    ],
                    "type": "fill"
                  }
                ],
                "measurement": "filesystem/usage",
                "query": "SELECT sum(\"value\") FROM \"filesystem/usage\" WHERE \"type\" = 'pod' AND \"namespace_name\" =~ /$namespace$/ AND \"pod_name\" =~ /$podname$/ AND $timeFilter GROUP BY time($interval) fill(null)",
                "rawQuery": false,
                "refId": "A",
                "resultFormat": "time_series",
                "select": [
                  [
                    {
                      "params": [
                        "value"
                      ],
                      "type": "field"
                    },
                    {
                      "params": [],
                      "type": "sum"
                    }
                  ]
                ],
                "tags": [
                  {
                    "key": "type",
                    "operator": "=",
                    "value": "pod"
                  },
                  {
                    "condition": "AND",
                    "key": "namespace_name",
                    "operator": "=~",
                    "value": "/$namespace$/"
                  },
                  {
                    "condition": "AND",
                    "key": "pod_name",
                    "operator": "=~",
                    "value": "/$podname$/"
                  }
                ]
              },
              {
                "alias": "Limit $namespace $podname",
                "dsType": "influxdb",
                "groupBy": [
                  {
                    "params": [
                      "$interval"
                    ],
                    "type": "time"
                  },
                  {
                    "params": [
                      "null"
                    ],
                    "type": "fill"
                  }
                ],
                "measurement": "filesystem/limit",
                "query": "SELECT sum(\"value\") FROM \"filesystem/limit\" WHERE \"type\" = 'pod' AND \"namespace_name\" =~ /$namespace$/ AND \"pod_name\" =~ /$podname$/ AND $timeFilter GROUP BY time($interval) fill(null)",
                "rawQuery": false,
                "refId": "B",
                "resultFormat": "time_series",
                "select": [
                  [
                    {
                      "params": [
                        "value"
                      ],
                      "type": "field"
                    },
                    {
                      "params": [],
                      "type": "sum"
                    }
                  ]
                ],
                "tags": [
                  {
                    "key": "type",
                    "operator": "=",
                    "value": "pod"
                  },
                  {
                    "condition": "AND",
                    "key": "namespace_name",
                    "operator": "=~",
                    "value": "/$namespace$/"
                  },
                  {
                    "condition": "AND",
                    "key": "pod_name",
                    "operator": "=~",
                    "value": "/$podname$/"
                  }
                ]
              }
            ],
            "timeFrom": null,
            "timeShift": null,
            "title": "Filesystem Usage: $namespace $podname",
            "tooltip": {
              "shared": true,
              "value_type": "cumulative"
            },
            "type": "graph",
            "x-axis": true,
            "y-axis": true,
            "y_formats": [
              "bytes",
              "short"
            ]
          }
        ],
        "title": "Row"
      }
    ],
    "time": {
      "from": "now-30m",
      "to": "now"
    },
    "timepicker": {
      "now": true,
      "refresh_intervals": [
        "5s",
        "10s",
        "30s",
        "1m",
        "5m",
        "15m",
        "30m",
        "1h",
        "2h",
        "1d"
      ],
      "time_options": [
        "5m",
        "15m",
        "1h",
        "6h",
        "12h",
        "24h",
        "2d",
        "7d",
        "30d"
      ]
    },
    "templating": {
      "list": [
        {
          "allFormat": "glob",
          "current": {
            "tags": [],
            "text": "kube-system",
            "value": "kube-system"
          },
          "datasource": null,
          "includeAll": false,
          "multi": false,
          "multiFormat": "glob",
          "name": "namespace",
          "options": [
            {
              "selected": false,
              "text": "default",
              "value": "default"
            },
            {
              "selected": true,
              "text": "kube-system",
              "value": "kube-system"
            }
          ],
          "query": "SHOW TAG VALUES FROM \"uptime\" WITH KEY = \"namespace_name\"",
          "refresh": false,
          "type": "query"
        },
        {
          "allFormat": "glob",
          "current": {
            "text": "heapster-v19-33x3r",
            "value": "heapster-v19-33x3r",
            "tags": []
          },
          "datasource": null,
          "includeAll": false,
          "multi": false,
          "multiFormat": "glob",
          "name": "podname",
          "options": [
            {
              "text": "fluentd-cloud-logging-kubernetes-minion-a7kc",
              "value": "fluentd-cloud-logging-kubernetes-minion-a7kc",
              "selected": false
            },
            {
              "text": "fluentd-cloud-logging-kubernetes-minion-hly9",
              "value": "fluentd-cloud-logging-kubernetes-minion-hly9",
              "selected": false
            },
            {
              "text": "fluentd-cloud-logging-kubernetes-minion-sfos",
              "value": "fluentd-cloud-logging-kubernetes-minion-sfos",
              "selected": false
            },
            {
              "text": "heapster-v19-33x3r",
              "value": "heapster-v19-33x3r",
              "selected": true
            },
            {
              "text": "kube-dns-v10-v2yty",
              "value": "kube-dns-v10-v2yty",
              "selected": false
            },
            {
              "text": "kubernetes-dashboard-gqcgk",
              "value": "kubernetes-dashboard-gqcgk",
              "selected": false
            },
            {
              "text": "kubernetes-dashboard-v0.1.0-jz8z8",
              "value": "kubernetes-dashboard-v0.1.0-jz8z8",
              "selected": false
            },
            {
              "text": "l7-lb-controller-eojgv",
              "value": "l7-lb-controller-eojgv",
              "selected": false
            },
            {
              "text": "monitoring-influxdb-grafana-v6-qxucl",
              "value": "monitoring-influxdb-grafana-v6-qxucl",
              "selected": false
            },
            {
              "text": "php-apache-m19ce",
              "value": "php-apache-m19ce",
              "selected": false
            }
          ],
          "query": "SHOW TAG VALUES FROM \"uptime\" WITH KEY = \"pod_name\" WHERE \"pod_namespace\" =~ /$namespace$/",
          "refresh": true,
          "regex": "",
          "type": "query"
        }
      ]
    },
    "annotations": {
      "list": []
    },
    "refresh": false,
    "schemaVersion": 8,
    "version": 14,
    "links": []
  },
  "overwrite": false
}